TARGET,AMT_INCOME_TOTAL,AMT_CREDIT,AMT_ANNUITY,DAYS_EMPLOYED,DAYS_BIRTH,CODE_GENDER,NAME_CONTRACT_TYPE,OWN_CAR
0,171563,269167,46505,-147,-7305,F,Cash loans,Y
1,152413,648942,47092,-616,-16421,F,Revolving loans,Y
0,195695,195868,11350,-4280,-21879,M,Cash loans,Y
0,110327,85073,31622,-267,-6743,F,Revolving loans,Y
0,222503,593717,36323,-4502,-1835,F,Revolving loans,Y
0,163326,109195,3951,-271,-9054,F,Revolving loans,Y
0,202932,721987,18622,-3327,-21252,F,Cash loans,N
0,31344,38848,5727,-1933,-24723,F,Revolving loans,Y
0,87957,294910,39454,-4886,-6757,M,Revolving loans,N
0,125423,73099,37469,-2021,-13437,M,Cash loans,Y
0,166968,434276,36548,-231,-2687,F,Revolving loans,Y
1,206833,74122,24782,-3264,-18208,M,Cash loans,Y
0,213624,676447,29454,-1389,-3903,M,Revolving loans,N
0,271147,578156,3368,-2747,-11082,F,Cash loans,Y
0,97454,648407,16592,-2706,-14626,F,Revolving loans,Y
0,277594,421441,23173,-1370,-20325,M,Revolving loans,N
0,57641,273787,34204,-4854,-23830,F,Revolving loans,N
0,49711,491275,36596,-1018,-16319,M,Revolving loans,N
0,163254,303871,35324,-1547,-14283,M,Revolving loans,N
0,107833,114079,47132,-493,-12550,F,Cash loans,Y
0,64813,21029,24864,-2590,-14320,M,Cash loans,N
0,188270,251353,48829,-4864,-14932,M,Revolving loans,Y
0,159892,412442,31750,-1640,-3308,M,Revolving loans,Y
0,224615,199718,11576,-1995,-22538,F,Revolving loans,N
0,61786,426947,17566,-1448,-11350,F,Cash loans,Y
0,246006,376602,8190,-4982,-24713,F,Cash loans,N
0,250876,73926,24071,-2758,-2663,F,Revolving loans,Y
0,57265,666357,39333,-4552,-4334,M,Cash loans,N
0,269321,322650,16369,-3052,-6709,F,Revolving loans,N
0,86150,448031,25035,-4055,-23839,F,Revolving loans,N
0,107312,47092,2589,-764,-8487,F,Revolving loans,N
0,109613,329683,26235,-3080,-2279,F,Cash loans,N
0,141826,157889,1159,-2023,-22637,M,Revolving loans,N
1,55435,698221,13145,-812,-465,M,Revolving loans,Y
1,230017,542716,16373,-985,-19017,M,Revolving loans,Y
0,154055,180006,32921,-4762,-8473,F,Cash loans,Y
0,171734,775915,40323,-4796,-16793,F,Cash loans,N
0,229259,774727,17237,-2393,-1147,M,Cash loans,Y
0,192070,146330,42971,-660,-10242,F,Revolving loans,N
0,114071,62775,9244,-73,-24756,F,Cash loans,Y
0,288784,741940,15743,-1612,-7690,M,Revolving loans,Y
0,166389,272613,32566,-2028,-21822,M,Cash loans,N
0,135608,295998,47101,-610,-22824,F,Revolving loans,Y
0,289708,666616,47109,-2313,-19998,F,Cash loans,Y
0,178417,784446,19691,-49,-24114,F,Revolving loans,Y
0,133824,81256,34996,-834,-84,M,Cash loans,N
0,274444,366278,6590,-3652,-5218,M,Cash loans,Y
0,99273,662011,6585,-600,-11279,M,Cash loans,N
0,231837,186360,10227,-4184,-12858,M,Revolving loans,Y
0,130017,351874,29278,-4180,-119,F,Cash loans,Y
1,143618,423267,39814,-4808,-22346,M,Cash loans,Y
0,145341,294530,13237,-3224,-13016,M,Cash loans,Y
1,226604,247634,16649,-1355,-1224,F,Cash loans,N
0,47788,38787,38713,-376,-7245,F,Revolving loans,Y
0,246577,550909,8927,-4750,-17865,F,Cash loans,N
1,59974,607272,46409,-3212,-24680,M,Revolving loans,N
0,36371,458008,49766,-1300,-20346,F,Revolving loans,Y
0,202256,443469,47154,-2537,-3316,F,Revolving loans,Y
0,93972,316955,8016,-3833,-1855,M,Revolving loans,N
0,213259,35447,15027,-1107,-1762,M,Cash loans,N
0,295128,133046,49688,-3904,-3111,F,Revolving loans,Y
0,105431,744290,25142,-2321,-8869,M,Revolving loans,Y
0,125373,521494,47520,-3153,-14230,F,Revolving loans,Y
0,201144,690614,24545,-1096,-18447,F,Revolving loans,Y
0,270195,646147,32897,-4496,-4574,M,Cash loans,Y
0,163748,193490,4167,-3379,-13441,F,Cash loans,N
0,52733,412688,45757,-2528,-15991,M,Revolving loans,Y
0,236752,509409,27917,-2454,-11518,M,Revolving loans,Y
0,22050,532759,23736,-3613,-17502,M,Revolving loans,N
1,129996,243404,28990,-2006,-18364,F,Cash loans,Y
0,53933,649600,15087,-1184,-17638,M,Cash loans,Y
0,44951,521595,23440,-4283,-8605,M,Cash loans,N
0,52413,756164,36205,-1516,-8422,F,Cash loans,Y
0,185873,668689,16275,-566,-22463,F,Cash loans,N
0,206691,170937,6276,-4342,-5774,F,Revolving loans,Y
0,208847,51850,42627,-992,-9784,F,Cash loans,Y
0,241888,321364,41586,-476,-6387,M,Cash loans,Y
0,281044,248306,38496,-6,-21991,M,Revolving loans,N
0,241165,98808,20008,-766,-632,M,Cash loans,N
0,263662,506597,6738,-1236,-10791,F,Cash loans,N
0,186472,666757,33402,-2011,-9325,F,Cash loans,N
0,231760,233981,6793,-363,-9971,M,Revolving loans,Y
0,142744,527220,38291,-2896,-22923,F,Cash loans,N
0,225763,695885,6571,-3745,-11093,F,Revolving loans,N
0,63001,58072,32331,-2518,-771,M,Revolving loans,N
0,87364,750466,17209,-4617,-21133,M,Cash loans,Y
0,258506,613108,49014,-2393,-8848,F,Cash loans,Y
0,248731,482746,26394,-4807,-20127,F,Cash loans,N
0,151878,28284,44148,-1193,-16365,F,Cash loans,N
0,207710,88369,26682,-1281,-24703,M,Revolving loans,Y
0,148301,742266,3224,-2419,-11905,M,Cash loans,N
0,180829,592100,42157,-2435,-2760,M,Revolving loans,N
0,54636,275143,49695,-2237,-15964,M,Revolving loans,N
0,231169,289580,45452,-2202,-23985,M,Revolving loans,N
0,199352,662456,44408,-2661,-23616,F,Revolving loans,Y
0,213283,528156,33441,-1594,-16255,F,Revolving loans,Y
0,265596,774097,42430,-4269,-6266,F,Cash loans,Y
0,81665,423495,40129,-2128,-7347,M,Revolving loans,N
0,266584,257164,35716,-1880,-23740,M,Revolving loans,N
0,136953,774605,45859,-220,-17299,M,Cash loans,Y
0,178448,293345,27586,-823,-240,F,Cash loans,Y
0,206626,155787,45760,-2396,-4053,M,Revolving loans,Y
0,165271,165381,24478,-2618,-1719,M,Revolving loans,N
0,138533,675438,7318,-4469,-2944,F,Cash loans,Y
0,93781,454830,29694,-684,-14599,M,Revolving loans,N
0,86262,534393,21180,-4366,-9481,F,Cash loans,N
0,96898,361992,13180,-3231,-3023,M,Cash loans,Y
0,169369,794271,34002,-1196,-13136,M,Revolving loans,Y
0,50448,73920,16372,-2630,-9319,F,Cash loans,N
0,27657,572109,30796,-4998,-2461,F,Revolving loans,Y
0,276689,655024,25427,-4795,-19457,F,Revolving loans,Y
0,179903,546357,34290,-865,-1376,F,Revolving loans,N
1,27906,510659,29099,-2379,-3933,F,Cash loans,N
0,74028,12531,46486,-261,-6735,F,Revolving loans,N
0,289431,435267,10821,-2110,-12512,M,Cash loans,N
0,210792,668096,6832,-1807,-14921,M,Revolving loans,N
0,122979,668070,13820,-2334,-14256,F,Revolving loans,Y
0,54701,72155,17211,-1694,-21191,M,Cash loans,N
0,103300,591712,40890,-4103,-2809,F,Revolving loans,N
0,261249,312747,6842,-3915,-3733,M,Revolving loans,N
0,168746,479013,2316,-3721,-17794,F,Cash loans,Y
0,103560,137503,46968,-4330,-4461,M,Cash loans,N
0,262615,734963,18508,-3495,-3943,M,Cash loans,N
0,63642,697841,23005,-1425,-11254,M,Revolving loans,N
0,299746,669917,16206,-186,-9005,M,Cash loans,Y
0,108801,370446,19971,-3045,-8965,M,Cash loans,N
0,114377,660522,26599,-4751,-13329,F,Revolving loans,N
0,101121,24675,23056,-3108,-11790,F,Cash loans,N
0,45559,78997,2378,-1561,-7207,F,Revolving loans,Y
0,53742,153087,2519,-3147,-19803,M,Revolving loans,Y
0,172826,491799,23161,-2146,-9447,F,Cash loans,Y
0,155044,524349,41703,-3497,-17548,M,Revolving loans,Y
0,132217,760678,39861,-1615,-16282,M,Cash loans,N
0,61873,145905,6355,-1429,-10141,M,Cash loans,N
1,154092,275040,10083,-1208,-22828,F,Cash loans,Y
0,106988,431188,39342,-1574,-11842,M,Cash loans,Y
0,65648,316877,21456,-4957,-8337,F,Revolving loans,N
0,145991,780723,14324,-1388,-4639,F,Revolving loans,N
0,22396,571088,3257,-2382,-5947,M,Cash loans,Y
1,104082,101044,28364,-322,-13915,M,Cash loans,Y
1,148322,272491,25972,-1837,-791,F,Revolving loans,Y
0,152663,719423,47179,-3712,-21019,F,Cash loans,Y
0,31303,494066,27654,-2058,-3847,F,Revolving loans,N
0,181633,663003,16233,-4781,-19753,F,Cash loans,Y
0,269690,307929,16887,-3075,-14447,F,Revolving loans,Y
0,279820,371008,30320,-2028,-4189,F,Revolving loans,N
0,119616,22073,21808,-1487,-18865,M,Revolving loans,N
0,106231,559970,31154,-2552,-19427,F,Cash loans,N
0,289458,758158,35773,-1529,-4485,F,Cash loans,N
0,39623,757254,28747,-2226,-11269,F,Cash loans,N
0,218747,412505,11860,-4010,-17811,F,Cash loans,Y
0,125228,120359,43838,-2054,-10459,M,Cash loans,Y
0,202828,71707,43156,-3188,-14122,M,Revolving loans,Y
0,177364,256351,19156,-47,-13913,F,Revolving loans,N
1,89274,475670,21360,-4197,-11333,F,Revolving loans,Y
0,153541,243511,19135,-4511,-4081,F,Revolving loans,N
0,73947,240718,26351,-1444,-22224,M,Revolving loans,Y
0,173606,594716,31499,-3507,-15689,M,Revolving loans,Y
0,214692,55601,48377,-1355,-17303,M,Revolving loans,N
0,68874,400755,24554,-2109,-10371,M,Cash loans,N
0,69708,500479,20604,-3295,-16614,M,Revolving loans,Y
0,94553,640775,17923,-1484,-7954,M,Cash loans,Y
0,88344,683029,48591,-1660,-16956,F,Revolving loans,Y
0,205374,469184,9547,-4947,-4398,M,Revolving loans,Y
0,67638,418860,45283,-2425,-15385,M,Cash loans,Y
0,98249,416961,34002,-1409,-9966,F,Revolving loans,N
0,22719,256924,15562,-4385,-19940,M,Cash loans,N
0,173962,788441,8480,-4046,-14100,F,Revolving loans,N
0,62534,528394,27672,-2567,-2742,M,Cash loans,N
0,112241,254430,5213,-3371,-19419,F,Revolving loans,Y
0,146209,432737,11293,-2219,-22986,F,Cash loans,Y
0,209004,127788,35441,-4351,-4827,F,Cash loans,N
0,112124,626527,3100,-2653,-12003,F,Revolving loans,Y
0,111659,556216,45617,-510,-14365,F,Revolving loans,N
0,184134,285466,29172,-1722,-11352,M,Cash loans,Y
0,95713,455930,21132,-2360,-17852,M,Revolving loans,Y
0,238335,355040,19199,-1199,-850,F,Cash loans,Y
0,95418,67292,37609,-2439,-6252,F,Revolving loans,N
1,148232,558343,43965,-1751,-10978,F,Cash loans,N
0,183038,310035,9016,-4630,-4987,M,Revolving loans,N
0,188383,611200,40779,-4143,-19081,F,Cash loans,N
0,278722,666948,38261,-114,-9114,F,Revolving loans,Y
1,152079,357680,32881,-247,-2941,F,Cash loans,Y
0,222053,273448,18058,-4617,-18362,F,Cash loans,Y
0,96242,536633,25472,-1123,-20349,M,Revolving loans,Y
0,198589,165372,42346,-2448,-24391,F,Revolving loans,N
0,49257,96006,35926,-666,-17060,F,Cash loans,Y
0,164353,134350,35832,-710,-14652,M,Cash loans,Y
0,283579,693725,37021,-2275,-21134,F,Cash loans,Y
0,249947,793768,25087,-966,-8245,F,Cash loans,N
0,251758,211487,13828,-1707,-1618,M,Revolving loans,N
0,111357,102852,32128,-749,-8001,M,Cash loans,N
0,177732,497092,2401,-1012,-1705,M,Cash loans,Y
0,223667,143593,20643,-4078,-2606,F,Cash loans,N
0,103807,732067,16193,-2085,-22747,F,Revolving loans,Y
0,158563,683841,27853,-2050,-20058,M,Cash loans,Y
0,278778,285618,45864,-1954,-12670,M,Revolving loans,Y
0,201264,182832,21307,-4026,-24136,M,Revolving loans,N
0,93609,311773,37982,-3770,-23732,F,Revolving loans,N
0,291221,50232,20611,-2565,-17546,F,Revolving loans,Y
0,268512,353688,44791,-3186,-11334,M,Revolving loans,Y
0,273973,465385,12950,-2066,-4045,F,Revolving loans,N
0,174893,788301,11704,-67,-12630,M,Revolving loans,N
0,135374,317813,44111,-3637,-19771,F,Cash loans,N
0,44860,214093,12867,-1060,-8691,F,Cash loans,Y
0,172267,336328,3745,-4797,-6379,F,Revolving loans,Y
0,97475,708305,4866,-4840,-20946,F,Cash loans,Y
0,172499,18140,33245,-513,-24065,M,Cash loans,N
0,238118,393612,45724,-4232,-12828,F,Revolving loans,N
0,143786,612745,6818,-1252,-2222,F,Cash loans,N
0,27813,543645,49861,-2419,-725,M,Revolving loans,Y
0,51598,528375,31116,-3907,-14470,F,Cash loans,Y
0,277951,116672,16493,-500,-9440,M,Revolving loans,N
0,113106,335817,29038,-4393,-8844,M,Revolving loans,Y
0,247286,650961,21447,-3460,-8291,F,Cash loans,N
0,31745,594921,31431,-2125,-15274,F,Cash loans,Y
0,164097,737303,18908,-1809,-17226,M,Revolving loans,N
0,252732,625399,30336,-3163,-4755,M,Revolving loans,Y
0,165360,411140,41992,-4311,-23015,M,Revolving loans,Y
0,109186,74286,5025,-1241,-10748,F,Cash loans,N
0,233030,98269,21093,-2051,-3684,M,Cash loans,N
0,219950,263635,7155,-2897,-20397,M,Cash loans,N
0,61846,79071,47607,-4635,-5838,M,Cash loans,N
0,168554,455542,34487,-1425,-9040,F,Revolving loans,N
0,72930,226095,48658,-450,-15538,M,Revolving loans,Y
0,268656,518317,21963,-801,-10834,F,Revolving loans,N
1,264459,35651,21936,-828,-17246,F,Revolving loans,N
0,244695,75202,5426,-675,-10754,M,Cash loans,N
0,73268,53777,24303,-2622,-20922,F,Revolving loans,Y
0,232943,153066,46280,-3795,-12147,M,Revolving loans,N
0,278916,195706,28606,-12,-7249,F,Cash loans,N
0,204403,629446,48832,-1161,-20958,F,Cash loans,N
0,68901,768935,29151,-2265,-8716,M,Revolving loans,Y
0,214488,331022,14767,-1653,-10611,M,Cash loans,Y
0,183268,285852,12308,-3325,-22425,M,Revolving loans,N
0,287770,673179,45245,-4702,-18246,F,Cash loans,Y
0,158496,735265,46671,-4044,-7035,F,Cash loans,N
0,295001,593158,25770,-3886,-23014,M,Revolving loans,Y
0,261531,538571,29572,-2495,-6376,M,Cash loans,N
0,266693,690933,42448,-3526,-4650,F,Revolving loans,Y
1,199362,429149,3204,-540,-1012,F,Cash loans,N
1,46431,535062,28233,-554,-9530,F,Cash loans,N
0,258360,208127,22729,-1274,-296,M,Cash loans,Y
0,46385,147055,32131,-1529,-19032,F,Cash loans,N
0,105530,625756,34870,-2172,-17507,M,Cash loans,N
1,250983,530069,39011,-2150,-20897,F,Revolving loans,N
0,225390,119586,40382,-2494,-22924,F,Cash loans,N
1,263373,454916,42475,-1230,-3385,M,Revolving loans,Y
1,181779,294768,47681,-2036,-22006,M,Cash loans,N
0,190182,536111,22607,-406,-21256,M,Revolving loans,Y
0,212860,547777,25968,-4051,-10534,F,Cash loans,Y
0,102879,176033,34398,-397,-10477,F,Revolving loans,Y
0,258260,517880,12908,-2150,-19406,F,Revolving loans,Y
0,166323,296262,27423,-4835,-17469,M,Cash loans,N
0,142413,105417,44615,-1514,-17629,F,Cash loans,N
0,282670,86816,10171,-2491,-10453,M,Cash loans,Y
1,67837,682623,13721,-4081,-6972,M,Revolving loans,N
0,280550,280709,17616,-4887,-21856,M,Revolving loans,Y
0,293680,680714,43512,-1496,-11010,F,Cash loans,N
0,48541,179023,39458,-4009,-10917,F,Cash loans,N
0,99083,552936,47169,-1161,-8374,M,Revolving loans,N
1,54531,448945,8659,-3742,-4531,F,Revolving loans,Y
0,290856,46971,44369,-1574,-17046,M,Cash loans,Y
0,94744,23658,12704,-4486,-17731,M,Revolving loans,N
0,272859,26253,33793,-196,-17870,F,Cash loans,Y
0,149749,462382,49152,-1804,-18172,M,Cash loans,Y
0,287253,184635,47473,-566,-254,M,Cash loans,N
0,251809,162462,32226,-2416,-16156,F,Revolving loans,Y
0,102503,355808,24852,-4933,-10780,M,Revolving loans,N
0,274346,711938,33082,-3404,-18669,M,Revolving loans,N
0,105708,215097,23794,-522,-5104,M,Revolving loans,N
0,211184,633138,42420,-4982,-11603,M,Cash loans,Y
0,122471,667212,14379,-2270,-7117,M,Revolving loans,N
0,274225,525498,8006,-1479,-14709,M,Cash loans,N
0,177661,231058,9682,-4428,-6458,M,Cash loans,Y
0,181087,662911,34840,-2742,-14836,F,Cash loans,Y
0,180081,590289,33430,-2098,-3454,F,Revolving loans,Y
0,213118,185231,24091,-4350,-14550,M,Cash loans,Y
0,177215,127775,33983,-2413,-4577,M,Cash loans,N
0,26154,562531,24989,-1738,-22965,F,Revolving loans,Y
0,172876,682160,10915,-3662,-13537,F,Cash loans,Y
0,84288,324972,43552,-4,-17023,F,Revolving loans,Y
0,71195,266716,19990,-1366,-7759,F,Revolving loans,Y
0,201002,405455,25734,-2173,-4793,F,Revolving loans,N
0,184053,273854,15824,-2783,-1846,M,Cash loans,Y
0,89298,419600,37081,-1461,-12818,F,Revolving loans,N
0,226376,176918,12033,-3963,-24702,F,Revolving loans,Y
0,59499,224055,43736,-617,-1372,F,Revolving loans,N
0,189631,305135,17241,-1022,-24077,M,Revolving loans,N
0,265198,739417,6939,-2039,-4384,M,Cash loans,Y
0,262997,405187,48464,-1774,-11669,M,Revolving loans,N
0,116347,427355,48562,-3902,-4310,M,Cash loans,Y
0,225735,213139,36063,-2676,-5817,M,Revolving loans,N
0,42431,85257,35464,-4061,-18422,M,Cash loans,N
0,214555,482958,12185,-1284,-20125,F,Revolving loans,N
0,142720,11530,28045,-1586,-3290,M,Cash loans,Y
0,69153,278260,45769,-3552,-12746,M,Revolving loans,N
0,288512,595082,48118,-4430,-2034,F,Cash loans,Y
0,196076,215545,20167,-2096,-6814,M,Cash loans,N
0,239724,662258,37412,-2495,-14095,F,Cash loans,N
0,76985,533423,22625,-4083,-11647,F,Revolving loans,N
0,128737,376616,40188,-3126,-9118,M,Cash loans,N
0,232133,483336,28076,-72,-5959,F,Cash loans,N
0,174470,780158,45605,-3322,-5270,F,Cash loans,N
0,249465,618375,20029,-4385,-15337,F,Cash loans,Y
1,70861,725391,23973,-499,-5667,F,Revolving loans,Y
0,232977,284215,40121,-3251,-24059,M,Cash loans,Y
0,147118,25074,32433,-1175,-23093,F,Cash loans,N
0,216713,751084,44309,-812,-20163,M,Cash loans,Y
0,29078,597131,2932,-2523,-11320,F,Revolving loans,N
0,71047,44901,45254,-251,-511,F,Cash loans,Y
0,255458,278349,2757,-1495,-7373,F,Cash loans,Y
0,235048,797338,31722,-1525,-19304,M,Cash loans,N
1,256293,400807,38853,-471,-8774,M,Cash loans,N
0,137832,592275,39405,-3865,-11457,M,Revolving loans,Y
0,145150,347829,2116,-1000,-12385,F,Cash loans,Y
0,177087,377598,44527,-4626,-23534,F,Cash loans,Y
0,53320,372631,12691,-4794,-4659,F,Revolving loans,Y
0,110827,583688,1492,-125,-6650,F,Revolving loans,N
0,279931,161222,28882,-3681,-24625,M,Revolving loans,Y
0,44826,36852,9811,-3859,-24738,F,Cash loans,N
0,120734,518012,28808,-373,-4254,M,Revolving loans,N
0,177702,382501,25272,-2310,-2114,F,Cash loans,Y
0,249834,648340,29399,-1745,-13420,M,Revolving loans,N
1,197235,61481,7474,-4911,-14864,M,Cash loans,Y
0,118511,792715,27956,-892,-17167,F,Revolving loans,N
0,293797,38691,48153,-1980,-23107,F,Cash loans,N
0,179033,399341,43506,-3143,-16894,M,Revolving loans,Y
0,101941,203137,14979,-4196,-13174,F,Cash loans,N
0,225209,555458,45523,-4056,-23348,F,Cash loans,N
0,118818,537726,43565,-2211,-3076,M,Cash loans,Y
0,172360,676514,29328,-1125,-4724,M,Cash loans,N
0,273627,406220,48375,-3390,-24401,M,Cash loans,N
0,115081,60426,13867,-2077,-3801,M,Cash loans,Y
0,56877,244968,26851,-1118,-6704,F,Cash loans,Y
0,231957,293963,32279,-1779,-16208,M,Cash loans,N
0,92715,500384,31527,-609,-44,M,Revolving loans,N
0,161398,526121,8866,-265,-4403,M,Cash loans,N
0,130091,160289,16449,-2613,-21363,F,Cash loans,Y
0,152632,266501,11685,-277,-14645,M,Revolving loans,N
0,103186,524165,24544,-4059,-9011,F,Cash loans,N
0,182962,224780,6451,-75,-15710,M,Revolving loans,N
0,171094,300138,22642,-2434,-19401,M,Cash loans,N
0,90316,675396,42316,-4025,-2168,F,Revolving loans,N
0,48380,737635,40954,-4046,-10658,M,Revolving loans,N
0,130198,102756,39870,-3738,-59,M,Cash loans,Y
0,284500,447632,32030,-4057,-11055,F,Revolving loans,Y
0,90326,100665,31873,-2798,-14238,M,Cash loans,N
0,134994,661005,1619,-1673,-10688,M,Cash loans,N
0,240971,167002,34650,-726,-17618,M,Cash loans,Y
0,298226,266691,26372,-2741,-16018,M,Cash loans,Y
0,282805,611123,4642,-3172,-5047,F,Revolving loans,Y
0,188484,127232,29001,-3743,-17293,M,Cash loans,N
0,285064,747849,35064,-4536,-7870,F,Revolving loans,N
0,265378,450358,30290,-1706,-112,M,Revolving loans,N
0,291090,248051,15122,-3770,-20367,F,Cash loans,N
0,245314,162547,25820,-2346,-7696,M,Cash loans,Y
0,255612,417104,3895,-4116,-15731,F,Cash loans,Y
1,298453,573020,6366,-1195,-11222,M,Cash loans,Y
0,75230,741983,9711,-1144,-17992,F,Revolving loans,Y
0,79321,313449,20596,-1865,-9477,F,Cash loans,N
0,152028,706397,19793,-4076,-6235,M,Revolving loans,N
0,251447,538634,9199,-411,-21382,F,Cash loans,Y
0,121757,792019,11717,-3454,-4173,M,Cash loans,Y
1,286847,17763,37191,-3906,-24728,M,Cash loans,Y
0,216200,195237,11211,-2589,-11993,M,Cash loans,Y
1,92099,767841,46550,-2383,-6843,M,Revolving loans,Y
0,182932,434332,24360,-4238,-22453,M,Revolving loans,N
0,51585,650275,22542,-2677,-21836,F,Cash loans,N
0,63585,221823,32312,-855,-3836,M,Revolving loans,Y
0,299922,96353,46242,-2225,-10586,M,Revolving loans,Y
0,196313,226373,37435,-341,-10673,M,Cash loans,Y
0,62229,362792,29247,-122,-9424,M,Cash loans,N
0,106652,554844,23357,-1845,-24054,M,Revolving loans,N
0,269474,547387,42045,-1030,-10307,M,Revolving loans,N
0,199436,376233,28691,-2960,-8110,F,Revolving loans,Y
0,280116,181168,13424,-4417,-9460,F,Revolving loans,N
0,39975,732346,19852,-669,-18281,M,Cash loans,Y
0,177795,673590,23601,-2897,-16565,F,Cash loans,N
0,229373,427225,19020,-3058,-13650,M,Revolving loans,N
0,217133,207041,9155,-545,-2256,M,Cash loans,N
0,200225,38866,4583,-4891,-959,M,Revolving loans,Y
0,84324,110400,16515,-4809,-21410,M,Revolving loans,Y
0,196037,344119,37777,-4097,-14936,M,Cash loans,N
0,155720,440071,20710,-4139,-7424,F,Revolving loans,Y
0,186205,348701,44178,-3917,-7152,F,Revolving loans,Y
0,116059,142488,25532,-4351,-24610,F,Cash loans,Y
0,118317,601804,19601,-866,-3001,F,Cash loans,Y
0,221207,191987,5967,-1389,-12332,M,Revolving loans,Y
0,121459,416274,19753,-4364,-13431,F,Revolving loans,Y
1,257697,438934,21022,-3964,-11971,M,Cash loans,Y
0,220422,299746,44463,-869,-2510,F,Revolving loans,N
0,121520,472874,10135,-2852,-11893,F,Revolving loans,Y
0,81272,476328,6722,-1135,-22440,F,Cash loans,Y
0,243224,194139,28413,-1843,-19133,F,Cash loans,N
1,164832,163588,28236,-1413,-9716,M,Cash loans,N
0,172999,658583,16514,-1706,-23789,F,Cash loans,N
0,81367,617257,44896,-739,-15879,F,Cash loans,N
0,249027,661449,38212,-2570,-23461,M,Cash loans,Y
0,252750,210735,41386,-3121,-7973,M,Revolving loans,N
0,255806,670847,21331,-1034,-16307,F,Revolving loans,N
0,203305,267299,19060,-1287,-16079,M,Cash loans,Y
0,64738,128950,2196,-874,-7333,M,Cash loans,Y
0,53397,334638,13297,-894,-936,M,Revolving loans,Y
0,222332,605517,3787,-2989,-14690,F,Revolving loans,N
0,131453,109648,24816,-1627,-1271,M,Revolving loans,Y
0,39816,43547,41695,-2857,-12256,F,Cash loans,N
0,265011,558083,20702,-2500,-20614,F,Cash loans,Y
0,233567,191368,26242,-419,-7697,F,Revolving loans,Y
0,91635,550735,3176,-3711,-12758,F,Cash loans,N
0,236184,696958,21127,-3553,-6277,M,Cash loans,Y
1,202958,751111,42560,-1801,-10743,F,Cash loans,Y
1,297707,261190,28228,-3057,-16053,M,Revolving loans,Y
0,112324,211402,21208,-1817,-11054,F,Revolving loans,Y
0,243536,257419,29482,-1784,-19070,M,Cash loans,Y
0,252944,759105,10171,-1864,-19598,F,Cash loans,N
0,291991,584365,36219,-1682,-2953,M,Cash loans,N
0,46155,117782,34396,-2218,-8983,F,Cash loans,Y
0,136891,632220,43589,-4010,-3341,F,Cash loans,N
0,169381,448316,41546,-80,-24493,M,Revolving loans,N
0,151691,377013,4696,-2847,-23564,F,Cash loans,N
0,54707,315925,21058,-4775,-13382,F,Cash loans,Y
0,217576,191339,21313,-4224,-16250,F,Cash loans,Y
0,198686,480595,20149,-2163,-8878,M,Revolving loans,Y
0,242500,422168,46740,-4313,-17646,F,Revolving loans,N
0,282425,103696,42075,-4471,-13706,F,Cash loans,N
0,178492,508650,5956,-1558,-4100,M,Revolving loans,Y
0,190102,55939,11195,-2847,-11160,M,Revolving loans,Y
0,237285,716886,18076,-3706,-4994,M,Revolving loans,N
0,179476,146521,2105,-3474,-20601,M,Revolving loans,N
0,254554,579578,16417,-226,-19963,M,Revolving loans,Y
0,180928,340098,25729,-2104,-505,F,Revolving loans,N
0,160272,597278,47956,-1897,-9152,F,Cash loans,N
0,139273,588098,31099,-2560,-21285,F,Revolving loans,N
0,192307,647650,33598,-865,-10123,M,Revolving loans,N
0,268500,481513,30961,-1198,-17163,F,Cash loans,N
0,186129,151295,13602,-4156,-23699,M,Cash loans,N
0,152311,470453,10256,-4554,-17630,M,Cash loans,N
0,254746,662957,21584,-1085,-3431,F,Cash loans,Y
0,265546,726037,47980,-1891,-6461,M,Revolving loans,Y
0,216733,269803,35681,-3766,-18589,M,Revolving loans,N
1,146945,91516,26792,-4774,-18635,F,Revolving loans,N
0,65272,79567,22904,-857,-9551,M,Revolving loans,N
0,166470,131498,44361,-2041,-24308,M,Cash loans,Y
0,140030,707098,35540,-3170,-23522,F,Revolving loans,Y
1,26570,469894,27536,-1221,-18604,M,Revolving loans,N
1,29110,541397,20164,-4814,-16552,M,Cash loans,Y
0,99141,289154,13996,-2123,-14378,F,Revolving loans,N
0,32115,768760,3871,-2465,-8175,F,Revolving loans,N
0,59062,144544,47002,-3068,-14927,F,Revolving loans,N
0,124061,251183,23626,-2076,-22354,F,Revolving loans,N
0,21969,683743,11521,-4152,-19791,M,Cash loans,N
0,141863,328853,44410,-2968,-18467,M,Cash loans,N
0,292369,468001,2132,-3748,-3939,F,Cash loans,N
0,143008,773613,34467,-3119,-17789,M,Cash loans,Y
0,174268,39518,15534,-4731,-15073,M,Cash loans,N
0,125823,58909,24854,-3370,-13073,F,Revolving loans,Y
0,295813,729984,43998,-595,-5971,F,Revolving loans,N
0,130677,520693,40065,-1797,-406,M,Cash loans,N
0,266958,544570,46607,-3426,-15684,F,Cash loans,Y
0,68320,483082,8812,-2108,-12823,F,Cash loans,Y
0,166649,244017,5557,-3305,-14154,F,Revolving loans,N
0,145354,419994,3179,-1742,-17067,M,Cash loans,Y
0,108009,457891,44798,-1738,-19524,F,Revolving loans,N
1,277437,796507,10065,-3555,-11147,M,Revolving loans,N
0,48625,474164,9275,-4781,-17072,M,Revolving loans,Y
0,232112,708814,48857,-4948,-22920,M,Revolving loans,Y
0,56487,33365,36948,-3243,-18911,F,Cash loans,Y
0,248071,470982,21700,-3334,-1220,F,Revolving loans,Y
1,193895,446416,40464,-2215,-17203,F,Revolving loans,N
0,121376,278146,43351,-4281,-7755,F,Cash loans,Y
1,263341,281091,28794,-4595,-16654,F,Revolving loans,Y
0,178056,215294,29783,-2706,-5122,M,Revolving loans,Y
0,130169,121219,17998,-4929,-24096,M,Revolving loans,Y
0,290269,345754,14869,-2947,-7347,M,Cash loans,Y
1,56059,585595,45525,-3771,-8212,F,Revolving loans,N
0,123409,140565,29152,-3433,-15026,M,Revolving loans,N
0,25704,784383,21954,-1318,-23816,M,Cash loans,Y
1,224456,317229,32555,-2047,-23275,F,Cash loans,Y
0,238200,563516,17654,-518,-13620,F,Revolving loans,N
0,131279,740036,46026,-4302,-154,M,Revolving loans,Y
0,178280,429871,36236,-4174,-11943,M,Cash loans,N
0,138516,572760,47976,-4652,-2805,F,Revolving loans,N
0,217096,142888,16042,-1092,-19394,F,Cash loans,Y
0,252549,82175,26966,-4693,-21044,F,Revolving loans,N
0,49165,593595,49407,-1584,-8445,F,Cash loans,Y
0,87203,313877,45314,-2666,-151,M,Revolving loans,Y
0,286258,100028,46095,-139,-6310,M,Cash loans,N
1,56321,514666,15270,-180,-8919,F,Cash loans,N
0,265014,147312,31908,-2191,-24579,M,Cash loans,Y
0,176498,496450,16523,-1442,-19460,M,Cash loans,N
0,37772,97493,48068,-522,-8712,F,Cash loans,Y
0,285856,130149,20991,-1523,-9034,M,Revolving loans,N
0,258389,758704,11775,-380,-9118,M,Revolving loans,N
0,135142,207435,13265,-2314,-20325,M,Cash loans,Y
0,111736,168834,20459,-2015,-15918,F,Revolving loans,Y
0,71924,275403,17673,-4725,-11991,F,Revolving loans,Y
0,23726,186211,28056,-2453,-18252,M,Revolving loans,N
1,47723,281993,7614,-2236,-18897,F,Revolving loans,Y
1,254182,348912,37020,-4664,-7143,F,Revolving loans,Y
0,160180,373252,8415,-3027,-5373,F,Revolving loans,N
0,228786,322013,24155,-2021,-6435,M,Cash loans,N
0,55643,68095,44884,-424,-5520,M,Revolving loans,Y
0,182396,122886,17964,-1032,-1970,F,Revolving loans,Y
0,234432,484926,38726,-4090,-13652,M,Revolving loans,Y
0,159999,290711,38044,-3004,-15218,M,Cash loans,Y
0,99973,40292,38544,-1871,-19118,M,Revolving loans,N
0,129834,79813,33252,-796,-2634,M,Revolving loans,N
1,256386,626424,4832,-1243,-19202,M,Revolving loans,Y
0,127522,580919,26275,-4673,-15373,F,Cash loans,Y
0,42612,14885,15901,-3201,-16585,M,Revolving loans,Y
0,245049,190378,39213,-4686,-205,M,Cash loans,N
1,288615,332231,35148,-1455,-12534,M,Revolving loans,Y
0,186703,427381,43633,-3866,-15154,F,Cash loans,Y
0,260069,465244,23918,-2254,-12280,F,Cash loans,N
0,243131,579100,47694,-124,-160,F,Cash loans,N
0,51348,710860,20540,-3480,-15855,M,Revolving loans,Y
0,215804,477367,12580,-4845,-20476,F,Cash loans,Y
1,283321,325787,39402,-3276,-18441,F,Cash loans,N
0,155832,49900,39578,-1657,-17380,F,Cash loans,Y
0,101889,441162,25917,-4114,-5842,F,Cash loans,Y
0,73551,406067,23318,-1927,-2943,M,Revolving loans,N
1,162635,77692,11179,-2195,-21876,F,Revolving loans,N
0,66819,465796,13251,-4279,-16329,F,Revolving loans,N
0,232781,405584,46899,-4088,-13294,M,Revolving loans,Y
0,178059,756496,20493,-1643,-7263,M,Cash loans,N
0,209420,51403,21466,-4130,-12930,F,Revolving loans,N
0,44596,620458,31206,-892,-4762,M,Cash loans,Y
0,79182,317023,46475,-4503,-16866,F,Revolving loans,Y
0,148803,64871,20624,-3244,-24076,M,Revolving loans,N
0,159978,487604,27564,-3883,-6446,M,Revolving loans,N
1,65379,496862,23412,-1591,-19494,F,Cash loans,Y
1,265900,37174,28990,-2172,-11350,M,Revolving loans,Y
0,278517,760111,36517,-3353,-22605,F,Revolving loans,N
0,157084,228563,14156,-2017,-396,M,Revolving loans,N
1,201187,142653,24064,-4858,-9690,F,Cash loans,Y
0,289295,115155,26711,-2239,-16774,M,Revolving loans,N
0,77716,338997,31106,-1565,-13219,M,Revolving loans,Y
0,243725,316822,17589,-340,-19485,M,Cash loans,N
0,187450,506608,24736,-2569,-5946,M,Cash loans,Y
1,193724,132795,21975,-488,-21635,M,Revolving loans,Y
0,223502,93668,37218,-3152,-8028,F,Revolving loans,N
0,164539,742685,8214,-2304,-13590,M,Revolving loans,N
0,141999,674927,31581,-3283,-5478,F,Cash loans,Y
0,134793,478620,21195,-1928,-15905,F,Cash loans,N
0,32289,768429,45582,-3933,-1953,F,Cash loans,N
0,196048,625307,28127,-2214,-4530,M,Revolving loans,N
0,194668,558091,6141,-1209,-14639,F,Cash loans,Y
0,251513,678590,29884,-3712,-16469,M,Revolving loans,N
0,277368,678222,25885,-1129,-20730,F,Cash loans,N
0,106365,441571,3708,-3194,-2597,F,Cash loans,Y
0,250662,235147,19375,-3496,-15094,F,Cash loans,N
0,195211,560083,16088,-1692,-8060,F,Revolving loans,N
0,199785,512820,45602,-2049,-594,F,Revolving loans,Y
0,92588,275914,46046,-4929,-13721,M,Revolving loans,Y
0,83646,540381,11014,-3310,-19548,F,Revolving loans,N
0,285798,398409,4273,-3656,-5049,F,Cash loans,N
0,241097,367455,48135,-1697,-4717,M,Revolving loans,Y
0,225244,284713,38306,-1887,-18523,M,Cash loans,Y
0,139735,703112,31881,-4118,-1116,M,Revolving loans,N
0,175683,692687,32486,-766,-7600,F,Revolving loans,N
0,127971,309214,13541,-2338,-18530,F,Cash loans,N
0,32149,569485,9712,-3496,-22938,F,Cash loans,Y
0,258976,531549,10168,-2537,-15970,F,Revolving loans,N
0,62668,162584,4551,-2447,-4295,F,Revolving loans,Y
0,108204,353939,13297,-4268,-5120,F,Cash loans,Y
0,231830,296077,44733,-3252,-23187,M,Cash loans,Y
0,216501,664738,28128,-1076,-13329,M,Cash loans,N
0,185140,569871,3832,-4577,-2360,F,Cash loans,N
0,239861,379226,29483,-1522,-10692,F,Cash loans,N
0,160507,689393,23063,-3409,-22687,F,Revolving loans,Y
0,245160,422216,23963,-515,-15294,F,Revolving loans,N
0,203321,116032,14422,-563,-7385,F,Revolving loans,Y
0,57384,211940,33920,-291,-15163,M,Revolving loans,Y
0,101929,309748,12156,-4508,-19169,M,Cash loans,Y
1,96153,466552,12108,-4809,-5617,F,Cash loans,Y
0,255128,231727,32845,-4502,-5176,M,Cash loans,Y
1,95388,78869,3800,-83,-20944,F,Revolving loans,Y
0,51401,796842,39078,-3744,-24695,F,Cash loans,N
0,222903,716404,43712,-3032,-10653,F,Cash loans,Y
0,139503,723675,3610,-678,-23311,M,Revolving loans,N
1,252601,207416,13067,-2814,-21083,M,Revolving loans,Y
0,147834,616004,34872,-4184,-1536,F,Revolving loans,N
0,54084,583533,11728,-1780,-5,M,Cash loans,N
0,271459,572344,30566,-3527,-22064,M,Cash loans,N
0,130641,415925,30783,-3914,-21138,F,Revolving loans,N
0,125111,780024,21583,-801,-10494,M,Revolving loans,Y
0,158299,325701,21238,-3126,-10682,M,Cash loans,Y
0,182982,284687,8263,-4130,-9700,F,Revolving loans,Y
0,254386,435634,2914,-237,-19351,F,Cash loans,Y
0,216553,754971,24749,-2958,-5355,M,Revolving loans,N
0,280337,501507,20456,-4728,-6797,F,Revolving loans,N
0,147556,414940,26582,-3971,-9326,M,Revolving loans,N
0,215246,270972,1406,-1782,-7274,F,Cash loans,Y
0,46160,121656,14689,-931,-19440,F,Cash loans,N
0,266242,22087,33934,-3949,-9549,F,Revolving loans,Y
0,37633,298481,34276,-967,-6390,F,Cash loans,N
0,299158,141554,37432,-3427,-23921,M,Revolving loans,N
0,69104,490757,20873,-1810,-11017,F,Revolving loans,N
0,88388,187024,14050,-612,-4410,F,Cash loans,N
0,36014,141535,1680,-1203,-2336,F,Cash loans,N
0,112578,772524,19908,-1711,-9673,M,Cash loans,Y
0,184827,599736,19504,-1253,-12245,M,Cash loans,N
0,60390,533936,22644,-2895,-17765,F,Revolving loans,Y
0,111658,397720,38125,-4693,-7803,F,Cash loans,Y
0,77993,300767,2363,-1641,-3527,F,Cash loans,Y
0,225768,457372,43291,-1824,-22969,F,Revolving loans,Y
0,178285,40634,36060,-3749,-16486,F,Revolving loans,Y
0,266860,381742,2538,-2253,-15905,F,Revolving loans,Y
0,289565,316478,37176,-3483,-10713,M,Revolving loans,Y
0,238008,551342,42520,-3622,-19089,F,Cash loans,Y
0,37727,599316,26675,-109,-13305,F,Cash loans,N
0,24358,551495,19287,-8,-5963,F,Revolving loans,N
0,277681,478866,1174,-3039,-21660,F,Revolving loans,Y
0,114018,760181,27732,-695,-17124,F,Cash loans,Y
1,146888,610842,35998,-2137,-9104,F,Cash loans,Y
0,249104,681746,38055,-2344,-12565,M,Cash loans,N
0,213510,612564,13112,-2506,-23859,M,Cash loans,N
0,129847,319925,40874,-433,-58,M,Cash loans,Y
0,96329,713140,10689,-995,-5719,M,Revolving loans,Y
0,51007,197512,45814,-1437,-15719,M,Revolving loans,N
0,190604,537498,20555,-4078,-4575,M,Revolving loans,N
0,32323,573651,34919,-768,-22962,F,Revolving loans,Y
0,132356,771535,8619,-538,-20730,F,Cash loans,Y
0,130944,607567,7033,-2041,-14954,F,Revolving loans,Y
0,224451,196420,42328,-4817,-20317,F,Cash loans,Y
0,298600,715644,5946,-1642,-8122,F,Cash loans,N
0,51367,505844,25618,-3602,-17884,F,Cash loans,N
0,74624,208196,35675,-2204,-23216,M,Cash loans,Y
0,254565,204919,37258,-4464,-5106,F,Cash loans,Y
0,88008,420648,19919,-3727,-21214,M,Cash loans,Y
0,136492,262324,5173,-2033,-3350,M,Cash loans,N
0,92240,724449,44833,-1951,-15810,F,Revolving loans,Y
0,221659,759651,27400,-3904,-19572,F,Cash loans,Y
0,292900,663681,5769,-3695,-18319,F,Revolving loans,Y
0,155327,435599,38564,-4085,-18107,F,Revolving loans,N
0,145703,380960,46814,-1919,-12339,F,Cash loans,Y
0,185575,739042,15211,-753,-10108,F,Cash loans,N
0,94069,652341,24255,-3972,-15357,F,Revolving loans,Y
0,249189,477406,28962,-3023,-15057,M,Revolving loans,Y
0,271051,188965,20356,-1646,-14528,F,Revolving loans,Y
0,145541,171892,21306,-2489,-12008,F,Revolving loans,N
0,209648,139832,5997,-4730,-3958,M,Cash loans,Y
0,276353,158262,18376,-3814,-1534,F,Cash loans,Y
0,291830,72411,41880,-445,-13874,F,Cash loans,N
0,151733,290521,39055,-800,-18131,M,Revolving loans,N
0,195915,444953,11578,-1236,-1009,F,Cash loans,N
0,115673,43211,19624,-2602,-17331,F,Revolving loans,Y
0,62828,218981,40194,-471,-13462,F,Cash loans,N
0,292670,270888,45367,-765,-14935,F,Revolving loans,Y
0,45592,785926,1389,-818,-2397,F,Cash loans,N
0,282351,292139,34767,-3289,-4082,F,Cash loans,N
0,252041,677337,46580,-2770,-2637,M,Revolving loans,N
0,250008,758298,49367,-4872,-14829,F,Revolving loans,Y
0,144982,563830,2855,-3731,-7304,F,Revolving loans,Y
0,276911,15651,41893,-1328,-22038,M,Revolving loans,Y
0,88619,104239,14794,-3399,-11149,M,Revolving loans,Y
0,180400,755704,36531,-235,-5678,F,Cash loans,Y
0,171175,442625,5986,-1030,-12021,M,Revolving loans,Y
0,190963,160378,33298,-756,-5419,F,Cash loans,Y
0,161826,155158,2481,-53,-19704,F,Cash loans,Y
1,251055,412592,4731,-4373,-1412,M,Cash loans,Y
0,118540,328494,17835,-1203,-10255,F,Cash loans,N
0,122747,338569,28798,-2956,-19270,F,Cash loans,N
0,206994,501574,27113,-1448,-11079,M,Revolving loans,Y
0,49301,434852,20477,-21,-24874,M,Revolving loans,Y
0,242724,449865,18266,-2659,-19398,M,Cash loans,Y
0,213783,432826,21792,-1786,-7425,M,Cash loans,Y
0,192395,670418,21452,-4751,-5977,F,Revolving loans,N
0,38752,260948,44526,-2075,-12419,M,Revolving loans,N
0,233277,526481,42334,-4026,-9003,M,Cash loans,Y
0,164467,476249,12889,-3675,-7250,M,Revolving loans,N
0,237029,69200,25335,-4017,-15789,M,Revolving loans,N
0,76273,110848,12254,-4112,-2163,M,Revolving loans,Y
0,278503,111022,22074,-2063,-10003,F,Cash loans,Y
1,111878,706979,12442,-2883,-18329,M,Revolving loans,Y
0,287039,417755,47289,-2328,-1933,F,Cash loans,Y
0,139968,785741,38327,-30,-12729,M,Cash loans,N
1,96559,67068,17199,-3674,-4077,M,Cash loans,Y
0,30699,475529,8291,-4530,-16124,M,Cash loans,N
0,216133,166445,41928,-3013,-22113,M,Cash loans,Y
0,29715,693514,1112,-4910,-15346,M,Revolving loans,N
0,39169,142103,22515,-4471,-20914,M,Cash loans,Y
0,138413,229605,20581,-244,-6355,M,Cash loans,Y
1,139264,208047,49692,-941,-20820,M,Cash loans,N
0,287926,254768,27500,-166,-22159,F,Revolving loans,N
0,239249,689029,33026,-2227,-18960,M,Revolving loans,N
0,144481,99475,17523,-33,-5056,F,Revolving loans,Y
0,235400,515370,2424,-3314,-14696,M,Revolving loans,N
0,55585,531570,20552,-4809,-20242,F,Revolving loans,N
0,198936,694984,11808,-3014,-7990,M,Revolving loans,N
0,58067,708798,39811,-1377,-8766,M,Revolving loans,N
0,193757,225972,7989,-2815,-19986,M,Cash loans,N
0,273334,167777,24620,-560,-23625,F,Cash loans,N
0,38073,697797,40029,-3992,-23819,F,Revolving loans,N
0,56035,213944,1887,-1217,-2908,F,Cash loans,N
0,216049,648294,32802,-702,-24510,F,Cash loans,N
0,253782,241440,20488,-332,-21271,M,Revolving loans,Y
0,110373,733342,31013,-713,-19026,M,Cash loans,Y
0,110517,317727,17402,-2948,-5082,M,Cash loans,N
0,85450,12461,22205,-1692,-5320,F,Revolving loans,Y
0,30382,629411,27049,-3284,-6676,M,Cash loans,Y
0,222043,477501,13253,-4690,-3602,F,Revolving loans,N
0,241427,153586,19990,-462,-23118,F,Revolving loans,N
0,81929,388395,8846,-3740,-3708,F,Cash loans,N
1,253483,499178,26027,-35,-22013,F,Cash loans,N
0,248590,236496,40200,-1068,-19415,F,Cash loans,N
0,163401,697148,47220,-1732,-21841,M,Revolving loans,N
0,276677,736109,47163,-4416,-20470,F,Revolving loans,Y
0,107468,721409,4765,-2201,-7935,F,Revolving loans,N
0,54594,565315,16950,-4641,-3362,M,Cash loans,Y
0,211703,178921,46270,-2134,-23927,F,Cash loans,N
0,65033,678218,10741,-2989,-11257,F,Revolving loans,N
0,83133,744522,23742,-61,-6229,M,Cash loans,Y
0,93861,608291,25703,-994,-22307,M,Cash loans,N
1,203362,712755,39709,-3375,-15438,M,Revolving loans,N
0,60461,569046,38623,-2236,-20660,F,Revolving loans,Y
1,98222,321456,23931,-4110,-22844,M,Cash loans,N
0,132020,335814,24580,-4269,-8816,M,Revolving loans,Y
0,288865,87279,16166,-1039,-17034,M,Cash loans,N
1,40609,20434,30240,-299,-22420,F,Revolving loans,N
0,150513,724407,26991,-2496,-17743,M,Revolving loans,Y
0,223981,445991,39556,-4386,-22841,F,Revolving loans,N
0,124211,342913,33969,-1194,-8828,F,Cash loans,Y
0,206321,775042,11561,-3281,-11100,M,Cash loans,Y
0,49984,333821,17901,-231,-13560,F,Revolving loans,Y
0,138947,88555,41505,-3413,-10322,F,Revolving loans,N
0,224894,657667,31020,-3389,-10564,M,Revolving loans,N
0,25901,746280,26917,-4104,-12979,F,Cash loans,Y
0,182624,768799,2988,-4723,-18228,M,Revolving loans,N
0,242317,181806,49209,-353,-23373,F,Revolving loans,N
0,188757,486719,45505,-3364,-13336,F,Revolving loans,N
0,165788,438819,15256,-2842,-16781,M,Revolving loans,Y
0,134099,474924,23192,-2568,-1536,M,Cash loans,N
0,31138,73803,29230,-1096,-6631,F,Cash loans,Y
0,186370,437548,40930,-144,-15287,F,Revolving loans,N
0,43429,753736,46833,-1738,-16512,M,Cash loans,N
0,70200,482742,23625,-3551,-22819,F,Cash loans,Y
0,222380,704539,33088,-500,-13406,F,Cash loans,N
0,268289,731802,15114,-3768,-6320,F,Revolving loans,Y
0,265127,250404,42167,-883,-17836,F,Cash loans,N
0,256513,647249,39401,-4323,-6019,M,Cash loans,Y
0,37347,307523,6755,-2342,-24099,M,Cash loans,N
0,167992,22297,11825,-2972,-2556,M,Revolving loans,N
0,51822,793443,23693,-1242,-15710,M,Revolving loans,N
0,60108,514346,5117,-376,-6939,M,Cash loans,Y
0,27967,125234,25729,-2963,-22119,M,Cash loans,Y
0,31871,573302,33182,-2351,-11942,F,Revolving loans,Y
0,245371,772454,29890,-4344,-19378,M,Revolving loans,N
0,228524,183570,30340,-4835,-564,F,Cash loans,Y
0,225342,788152,2518,-56,-23622,F,Cash loans,Y
1,184685,514733,31949,-409,-7368,F,Revolving loans,Y
0,48179,289996,23547,-4411,-19350,M,Revolving loans,Y
0,271537,346383,17346,-476,-12567,F,Cash loans,Y
0,203260,399145,3600,-2179,-2537,M,Revolving loans,Y
0,55262,737847,47005,-742,-15544,F,Cash loans,Y
0,80545,516603,30267,-3738,-17964,F,Cash loans,Y
0,254555,620863,37322,-4929,-18513,M,Cash loans,Y
0,243894,512365,27990,-1484,-7558,F,Revolving loans,Y
0,223218,624328,17193,-250,-6568,F,Cash loans,N
0,62913,153510,31109,-1420,-2501,F,Cash loans,N
0,270497,184587,20233,-4732,-20752,F,Revolving loans,Y
0,197404,535032,49021,-3224,-6140,M,Revolving loans,N
0,176104,744180,17194,-2538,-20397,F,Cash loans,N
0,188918,440633,35510,-3732,-5063,F,Cash loans,Y
0,210546,680159,2306,-3985,-12368,M,Revolving loans,Y
0,64936,365890,4849,-2278,-24780,F,Revolving loans,Y
0,180866,754122,13360,-3917,-10774,F,Revolving loans,N
0,212660,650194,46536,-899,-20182,F,Cash loans,Y
0,222056,206260,30231,-4594,-1424,F,Cash loans,N
0,245469,750219,46800,-1924,-3993,M,Cash loans,Y
0,48141,782881,37963,-4015,-17651,F,Revolving loans,N
0,157478,768034,19689,-1397,-19382,M,Cash loans,N
0,117359,536885,30084,-515,-15144,F,Revolving loans,Y
0,174363,435442,41387,-4291,-1407,F,Cash loans,Y
0,61568,208199,10280,-2382,-20424,F,Revolving loans,N
0,117539,381794,3642,-151,-6745,M,Cash loans,N
0,66851,489585,43137,-3589,-701,F,Cash loans,Y
0,74823,737722,15296,-379,-9793,F,Revolving loans,Y
0,43312,686777,16438,-3515,-23538,M,Revolving loans,N
0,219900,477890,49442,-2050,-3095,M,Cash loans,Y
0,294555,388100,38525,-349,-9095,M,Revolving loans,N
0,269062,120598,3994,-2066,-80,M,Revolving loans,Y
0,52371,255100,48994,-886,-8748,F,Cash loans,Y
0,77022,787877,35039,-330,-16764,F,Revolving loans,Y
0,119071,713521,2813,-3997,-17187,F,Cash loans,N
0,202268,781676,28491,-2534,-22932,F,Cash loans,Y
0,119853,138241,19845,-2534,-19247,M,Revolving loans,N
0,51174,744452,42243,-3062,-17763,F,Revolving loans,Y
1,96373,158124,38164,-3061,-10825,F,Cash loans,N
0,213021,470065,43051,-3365,-1600,F,Cash loans,N
0,213718,209923,14318,-3302,-18809,F,Cash loans,Y
0,90017,13036,18200,-473,-7102,M,Cash loans,N
0,83037,561066,1082,-2909,-6018,F,Cash loans,N
0,109818,159245,2920,-3105,-10378,F,Cash loans,N
0,26548,690763,41585,-760,-23999,F,Revolving loans,N
1,136981,207747,12683,-1602,-7583,M,Revolving loans,Y
0,254213,548088,12336,-3927,-10123,M,Revolving loans,Y
0,224366,292516,16596,-2598,-14768,F,Cash loans,Y
1,174249,328660,3093,-105,-1717,F,Revolving loans,N
0,126297,338299,13905,-1788,-151,F,Cash loans,N
0,156614,760600,25351,-963,-3565,M,Cash loans,Y
0,242084,64500,31981,-3849,-20524,F,Revolving loans,Y
0,80428,172647,9367,-2555,-8138,F,Cash loans,N
0,173812,241527,6285,-3044,-24485,F,Cash loans,Y
0,133132,440477,44664,-442,-12522,M,Cash loans,Y
1,207604,639947,38705,-1093,-23809,F,Cash loans,N
1,36052,557004,17753,-4193,-14140,F,Cash loans,Y
0,120689,401452,19485,-4814,-11552,M,Cash loans,N
0,198148,414064,13977,-173,-18703,M,Revolving loans,Y
1,151743,7352,20874,-476,-8345,F,Cash loans,N
0,282307,138004,8674,-3693,-16666,M,Cash loans,N
0,155870,537844,30038,-2716,-838,F,Cash loans,N
1,140575,791261,30315,-134,-18992,M,Cash loans,N
0,278230,353980,4676,-4243,-17013,M,Revolving loans,N
0,30749,665858,3426,-769,-21668,F,Revolving loans,Y
0,124131,736478,25473,-113,-24213,F,Cash loans,Y
0,176193,55098,3962,-1146,-18778,F,Cash loans,Y
0,245019,379313,30943,-734,-15127,M,Cash loans,N
0,92930,669929,1859,-2794,-7994,F,Revolving loans,Y
0,165128,252199,45816,-1442,-4775,F,Revolving loans,N
0,276553,131060,5138,-3420,-21324,F,Revolving loans,N
0,215113,192954,36192,-4039,-22428,F,Revolving loans,Y
0,73352,730753,26640,-1153,-18085,F,Cash loans,N
0,183856,135544,11409,-1425,-19967,M,Revolving loans,Y
0,23191,529628,5017,-4125,-17212,F,Revolving loans,N
0,124576,704309,11451,-2582,-9311,F,Cash loans,N
0,215713,611590,29327,-802,-13548,M,Cash loans,Y
0,23631,752028,11278,-3999,-3402,F,Revolving loans,N
0,157244,472243,25944,-1616,-20288,F,Revolving loans,Y
0,240169,529426,44764,-934,-24934,F,Revolving loans,N
0,110353,398574,2134,-2155,-9145,F,Revolving loans,Y
0,48671,648907,31131,-3519,-12522,F,Cash loans,N
0,142811,473466,38887,-1699,-17467,M,Cash loans,Y
0,202503,629219,39462,-4343,-9897,M,Revolving loans,Y
0,241972,161951,23520,-2220,-20384,M,Revolving loans,N
0,273211,567060,22869,-4578,-11723,F,Revolving loans,Y
0,244033,63478,37932,-1319,-7476,M,Revolving loans,N
0,239861,462569,6039,-734,-19270,F,Revolving loans,N
0,174544,556050,22281,-2290,-14276,F,Cash loans,Y
0,200302,149355,48399,-4548,-13228,F,Cash loans,Y
0,27099,724282,11442,-2603,-1151,M,Cash loans,Y
0,269686,699780,9252,-3025,-8732,M,Revolving loans,Y
1,76492,498671,28586,-3343,-4145,M,Revolving loans,Y
0,116722,604253,18568,-2459,-12060,F,Cash loans,N
0,50111,182912,21810,-1925,-5277,M,Cash loans,Y
0,83936,180767,2551,-1836,-8068,F,Revolving loans,N
1,173686,241281,13625,-2034,-941,M,Cash loans,Y
0,243332,89754,35397,-2947,-352,M,Revolving loans,Y
0,221548,607276,27249,-4713,-10357,F,Revolving loans,Y
0,269031,456558,2361,-1783,-24802,F,Cash loans,N
0,83530,512732,27149,-1146,-8045,M,Cash loans,Y
0,289932,155023,5370,-3553,-7826,M,Cash loans,N
0,48082,661667,6283,-4393,-15170,M,Revolving loans,N
0,109570,85388,8610,-448,-11202,F,Revolving loans,N
0,121015,244779,44326,-3236,-7442,F,Cash loans,Y
0,227888,211846,15924,-3775,-13531,M,Revolving loans,N
0,167603,699335,48607,-3765,-24822,M,Revolving loans,Y
0,114439,137212,45717,-3971,-6372,F,Revolving loans,N
0,161214,793140,11626,-2329,-4530,M,Cash loans,Y
0,135053,417811,35761,-1038,-7882,F,Revolving loans,N
0,68355,605309,1869,-458,-2384,F,Cash loans,Y
0,221139,164380,32552,-70,-24202,F,Cash loans,Y
0,254706,49789,2014,-1823,-17399,F,Revolving loans,Y
0,145426,31086,11103,-1278,-22205,F,Cash loans,N
0,84027,284003,17986,-94,-12504,F,Revolving loans,N
0,179210,536972,45781,-3525,-20412,M,Cash loans,Y
0,112601,96088,31471,-2104,-17703,F,Cash loans,N
0,49956,399423,34458,-4192,-21916,F,Revolving loans,N
1,258340,575387,26069,-4022,-13890,M,Cash loans,N
0,124797,595381,17873,-2537,-24269,F,Cash loans,N
0,156511,165761,24248,-4275,-23871,M,Cash loans,N
0,98815,543181,24624,-2499,-23395,F,Revolving loans,N
0,59279,496024,44516,-1638,-13030,M,Revolving loans,N
0,168702,595706,30061,-3784,-14063,M,Cash loans,Y
0,81063,130074,25170,-949,-13638,F,Cash loans,Y
0,269599,135351,9024,-2803,-22067,F,Cash loans,N
0,274311,720371,17678,-2194,-9813,F,Revolving loans,Y
0,147896,43635,39256,-4222,-100,F,Revolving loans,Y
0,186216,100071,21411,-4028,-19926,M,Cash loans,Y
0,242146,470918,44803,-2190,-10963,M,Revolving loans,N
0,228432,373377,20296,-2877,-17901,M,Revolving loans,N
0,202051,602093,27293,-4402,-7126,F,Revolving loans,N
0,117661,426280,28172,-1659,-24107,M,Revolving loans,N
0,193672,346207,22128,-4776,-23610,F,Cash loans,N
0,143257,269598,19257,-4160,-5227,F,Revolving loans,Y
0,289054,288022,13855,-3186,-20761,M,Revolving loans,N
0,54964,187170,20642,-191,-4137,F,Cash loans,Y
0,299297,198226,36585,-3894,-6353,M,Cash loans,N
0,250156,149063,21025,-4876,-21568,F,Revolving loans,Y
0,128212,597632,5458,-1754,-22629,M,Revolving loans,N
0,59071,565881,6307,-2069,-4304,F,Cash loans,N
0,132990,565592,42701,-875,-23485,M,Cash loans,N
0,89519,428602,19425,-2029,-9094,M,Cash loans,N
0,29503,715580,44427,-2983,-18674,F,Revolving loans,N
0,211775,118613,29273,-2585,-10395,F,Revolving loans,N
0,115457,729698,39506,-410,-1528,M,Cash loans,Y
0,208938,492505,6668,-1904,-19414,F,Revolving loans,N
0,167977,419299,26934,-3391,-22083,F,Cash loans,Y
0,65838,547642,48195,-4283,-2885,F,Revolving loans,N
0,109489,289334,8697,-1439,-930,M,Cash loans,Y
0,46806,535430,25417,-3984,-9099,M,Cash loans,Y
0,196072,426614,17446,-1435,-7449,F,Revolving loans,Y
0,90119,188043,41597,-299,-314,F,Revolving loans,Y
0,205165,713770,11751,-530,-3507,M,Revolving loans,Y
0,125432,155575,47218,-3040,-4289,F,Revolving loans,Y
0,197876,130438,8352,-3952,-2806,M,Revolving loans,N
0,104080,577744,14516,-3643,-4961,F,Revolving loans,Y
0,272791,629455,24299,-1574,-21207,F,Cash loans,N
0,97794,799448,32957,-4885,-15053,F,Revolving loans,N
0,144447,269528,29927,-2905,-9141,M,Cash loans,Y
0,140029,198392,42094,-3199,-1878,M,Cash loans,Y
0,199830,413288,37412,-2854,-23423,M,Revolving loans,N
0,57643,107239,30493,-3380,-15512,M,Cash loans,Y
0,207921,640719,27711,-220,-6396,F,Cash loans,Y
0,179116,569798,9003,-2050,-15836,F,Revolving loans,Y
0,35997,709293,32707,-1208,-23970,M,Revolving loans,Y
1,118605,335170,4278,-2059,-9119,F,Revolving loans,Y
0,245942,126668,8296,-95,-14215,F,Cash loans,Y
0,165643,771988,26398,-4023,-18309,M,Revolving loans,Y
0,128255,423734,36842,-1934,-4624,F,Revolving loans,N
0,280298,553333,14261,-4217,-7703,F,Revolving loans,Y
0,78005,186948,12173,-4760,-18642,M,Revolving loans,N
0,237322,490662,31449,-3447,-6435,F,Cash loans,N
0,209784,619390,42080,-422,-5419,F,Revolving loans,N
0,63541,319063,2637,-3988,-2576,F,Cash loans,N
0,43387,628729,32781,-4814,-23538,M,Revolving loans,Y
0,199980,163175,14652,-3119,-9489,M,Cash loans,N
0,105457,254877,6103,-414,-14430,F,Cash loans,N
0,164129,141917,26500,-4570,-9103,F,Cash loans,N
0,84028,222770,35800,-4762,-13354,F,Revolving loans,N
0,139246,647613,36529,-2655,-9526,M,Cash loans,N
1,175930,548625,48963,-4925,-17963,M,Revolving loans,Y
0,199761,682673,19452,-3644,-15501,M,Revolving loans,Y
0,64638,345093,32174,-78,-3622,F,Revolving loans,N
0,197558,791708,36436,-2670,-11614,F,Revolving loans,Y
0,40567,318295,48406,-314,-3308,F,Revolving loans,Y
0,77804,672304,16954,-3098,-18779,F,Cash loans,N
0,23754,610730,18186,-987,-1526,F,Revolving loans,N
0,47044,54847,13356,-330,-17231,M,Cash loans,N
0,87260,63653,33963,-13,-7929,F,Cash loans,Y
0,86912,746432,3187,-2941,-10644,F,Cash loans,N
0,276695,782949,12707,-4860,-3955,F,Cash loans,Y
0,28706,323766,36098,-3211,-6722,M,Cash loans,Y
0,291038,294954,27935,-1374,-17611,F,Cash loans,Y
0,202684,82842,22225,-4984,-20078,M,Cash loans,N
0,49725,277647,4606,-652,-11361,M,Revolving loans,Y
0,156998,89761,33828,-4536,-2294,M,Cash loans,N
0,124555,435192,27489,-529,-14997,M,Revolving loans,N
0,281486,521637,15387,-3173,-5433,M,Cash loans,N
0,291640,671246,4927,-1972,-4819,F,Cash loans,N
0,76447,333768,7296,-4481,-19822,F,Cash loans,N
0,180878,693152,31444,-4911,-9760,M,Cash loans,Y
0,61321,407980,47390,-185,-21032,M,Revolving loans,Y
0,273113,786198,47893,-2149,-22284,M,Revolving loans,Y
0,253103,125356,3591,-2157,-8426,F,Revolving loans,Y
0,75147,222228,45895,-275,-11489,F,Cash loans,Y
0,111396,47727,49516,-3116,-7281,M,Cash loans,N
0,264839,345615,27147,-829,-16819,F,Cash loans,N
0,41727,537356,39889,-4075,-12005,F,Revolving loans,Y
0,259423,646211,2200,-1266,-13702,M,Cash loans,Y
0,115081,405511,16721,-4031,-8238,M,Revolving loans,Y
0,261130,439376,20238,-3906,-4787,F,Revolving loans,N
0,88056,16390,12087,-1805,-18620,F,Cash loans,N
0,154153,636040,31816,-3596,-24385,F,Cash loans,N
0,185268,361898,24408,-1636,-6286,M,Revolving loans,Y
0,187807,343113,40740,-710,-6862,M,Revolving loans,Y
0,255821,675398,1136,-1018,-24537,M,Revolving loans,Y
0,100102,754078,18413,-677,-15842,F,Cash loans,Y
0,176570,344208,49114,-987,-4349,F,Cash loans,N
0,96865,26281,19978,-444,-21842,M,Cash loans,Y
1,182728,59189,1661,-287,-4992,F,Cash loans,Y
0,87695,267093,36240,-1908,-11566,M,Cash loans,Y
0,137235,315655,28253,-841,-20062,F,Cash loans,N
0,128777,651403,27884,-2926,-19583,M,Revolving loans,N
0,39033,537893,33854,-4716,-2612,F,Revolving loans,Y
0,161877,367462,11704,-67,-16119,F,Revolving loans,N
0,186923,399597,39987,-74,-19397,M,Cash loans,N
0,46832,254415,25527,-3813,-22788,M,Revolving loans,N
0,214509,684682,17322,-1031,-2496,M,Cash loans,N
0,165016,46869,48517,-2035,-2798,M,Cash loans,N
0,60372,562243,7968,-681,-8234,M,Revolving loans,Y
0,109464,590676,28518,-4217,-6360,F,Cash loans,Y
0,166451,770612,47364,-4051,-13305,M,Revolving loans,Y
0,137322,15207,28886,-1061,-7204,M,Revolving loans,N
0,187823,223401,2700,-4956,-15225,M,Cash loans,N
0,240894,164292,29246,-3190,-10441,M,Revolving loans,N
0,287254,482266,36468,-434,-18854,M,Revolving loans,N
0,294231,501762,24199,-2919,-24629,F,Revolving loans,Y
0,120483,210157,45589,-1502,-2810,M,Revolving loans,Y
0,29596,27031,33115,-4171,-19435,M,Cash loans,Y
0,254627,468937,6520,-3091,-16198,M,Revolving loans,Y
0,127539,600600,45278,-2419,-16693,F,Revolving loans,Y
0,38313,589054,37455,-4309,-17563,F,Revolving loans,Y
0,217621,148521,21929,-981,-24554,M,Cash loans,N
0,134914,356977,42605,-4069,-23609,M,Revolving loans,N
0,43705,192771,15955,-64,-13484,F,Cash loans,Y
0,218436,242199,45049,-1594,-7276,F,Revolving loans,N
1,123892,766019,14917,-4853,-9546,F,Revolving loans,Y
0,229717,765129,5757,-3968,-5677,M,Revolving loans,Y
